firstName,lastName,email
Vivien,Davis,Suspendisse.tristique@enimCurabiturmassa.net
Cheryl,Pitts,tortor.dictum.eu@cursus.edu
Hayes,Cruz,dui@aliquetsem.org
Nehru,Moss,vel.turpis@condimentum.com
Orlando,Cameron,elementum.lorem@arcuVestibulumante.com
Rae,Aguilar,semper.dui.lectus@dui.com
Rafael,Flynn,sollicitudin.a.malesuada@nibh.edu
Iola,Peck,dapibus.ligula@fringillaporttitor.co.uk
Raya,Mcdaniel,Nunc@porttitorerosnec.net
Palmer,Colon,Donec.tempus@arcuVestibulumut.org
Sigourney,Short,ipsum.Donec@variusNam.com
Erica,Mullen,ridiculus.mus@aptenttacitisociosqu.edu
Colt,Marquez,magna.malesuada.vel@mi.org
Colt,Strong,Suspendisse.commodo.tincidunt@eget.org
Avye,Glass,nec.urna.suscipit@fringilla.edu
Morgan,Best,arcu.Vivamus@temporestac.org
McKenzie,Shaw,ridiculus@variuset.com
Willa,Hurley,id.ante@metus.net
Quintessa,Noel,ante@porttitorvulputate.co.uk
Sandra,Slater,Cras.convallis@etmagna.edu
Cathleen,Kelley,Aliquam@neceuismod.org
Noelani,Bishop,Donec@urna.net
Geoffrey,Massey,dui.nec@Duissitamet.net
Latifah,Landry,urna.Nunc.quis@vitae.com
Cynthia,Stone,mauris.sagittis.placerat@elementum.org
Gray,Graves,ac@estconguea.edu
Jacob,Skinner,Aliquam.nec@ridiculusmusProin.co.uk
Karleigh,Roth,dictum.eu.placerat@nislMaecenas.net
Todd,Bailey,ut@enimdiamvel.org
Richard,Mcdaniel,nunc.sit@semperegestasurna.ca
Colleen,Drake,Sed.eget.lacus@aaliquet.com
Kenyon,Cotton,ac@lacusUtnec.org
Callum,Doyle,consectetuer@at.co.uk
Clarke,Hale,elit.Curabitur@nonquam.co.uk
Astra,Nunez,tincidunt.tempus.risus@doloregestas.co.uk
Ashely,Hensley,Nulla.eu.neque@vulputate.edu
Zahir,Eaton,per.conubia@aliquetlobortisnisi.edu
Rebekah,Merrill,tellus@Pellentesquehabitant.org
Dante,Hammond,et.arcu.imperdiet@euduiCum.ca
Felicia,Atkins,consectetuer.ipsum.nunc@urnaNullamlobortis.co.uk
Zachery,Peterson,vitae@vel.com
Roanna,Compton,ornare.Fusce@feugiat.co.uk
Addison,Mcdonald,consectetuer.adipiscing.elit@Duissit.co.uk
Maryam,Jordan,euismod@sedturpis.org
Mari,Talley,amet.diam@magna.ca
Quin,Noel,Nulla.aliquet@placerat.org
Amena,Joyner,non.magna@quis.com
Lila,Black,vitae.erat.Vivamus@elitEtiamlaoreet.edu
Heidi,Ewing,sed.est.Nunc@atvelit.net
Rhiannon,Ramos,commodo.auctor.velit@nonquamPellentesque.com
Jamal,Joseph,Nunc.ut@etrisus.co.uk
Jarrod,Forbes,orci.lacus@sedhendrerita.org
Igor,Acosta,arcu.Sed.et@congueelit.org
Keiko,Cote,adipiscing@aliquamenimnec.net
Jermaine,Snow,orci@Donec.edu
Ezra,Cannon,quis.massa@nisiMaurisnulla.co.uk
Kuame,Austin,In.at@sit.co.uk
Randall,Martinez,est.mollis.non@sagittissemper.org
Minerva,Gallegos,habitant@nislNulla.com
Ava,Lancaster,et.pede.Nunc@lorem.net
Nehru,Bell,Maecenas@estNuncullamcorper.co.uk
Karleigh,Hull,in.sodales@nequeNullamut.net
Baxter,Osborne,Nulla@adipiscingfringilla.edu
Octavia,Vang,vestibulum.Mauris@sitamet.edu
Aristotle,Carney,Nulla.tempor.augue@temporaugue.org
Connor,Stark,massa.Quisque.porttitor@lacus.edu
Brendan,Huffman,nibh.sit.amet@ligulaNullamenim.edu
Rana,Collins,bibendum@varius.org
Edan,Russo,ac.turpis@euismodac.co.uk
Dorian,Mckinney,ante.ipsum@Integeraliquamadipiscing.co.uk
Stephen,Swanson,elit.pharetra.ut@nondui.net
Genevieve,Colon,est.Nunc@ultriciesadipiscing.edu
Clinton,Barnes,lectus.rutrum@quisaccumsanconvallis.ca
Chiquita,Whitfield,senectus.et@est.org
Zachary,Moore,eget.tincidunt.dui@nequesedsem.net
Andrew,Hess,facilisi.Sed.neque@ultriciesornareelit.co.uk
Kimberley,Mcfarland,a@gravidamauris.com
Jerry,Lowery,eget.laoreet.posuere@tincidunt.org
Idona,Hubbard,nulla.Donec@cubiliaCuraeDonec.ca
Jessamine,Townsend,porttitor@adipiscingelitEtiam.net
Kellie,Byers,aliquet@consectetueradipiscing.org
Cameron,Sharpe,lorem.tristique.aliquet@urnasuscipit.com
Lee,Burns,iaculis.aliquet@mollisInteger.edu
Ray,Kirk,erat@velit.co.uk
Georgia,Ballard,elementum.sem@scelerisque.edu
Brett,Sutton,scelerisque.lorem.ipsum@necleoMorbi.org
Vladimir,Orr,accumsan.laoreet.ipsum@mauris.com
Karen,Simon,montes.nascetur.ridiculus@Donec.edu
Jelani,Mcbride,fermentum.convallis.ligula@aliquet.ca
Tashya,Gill,orci.tincidunt.adipiscing@pretiumetrutrum.com
Mari,Morrow,quis@egetipsumDonec.co.uk
Jeanette,Roberts,mauris.blandit@arcu.net
Marny,Graham,lacus@milorem.ca
Aphrodite,Osborne,Curabitur.massa.Vestibulum@eueros.co.uk
Colin,Reese,eu@elit.org
Cynthia,Madden,ut.cursus.luctus@utipsumac.org
Kaseem,Vargas,iaculis@Nullamfeugiatplacerat.net
Rama,Mccullough,tellus@bibendumullamcorper.edu
Igor,Mooney,Sed@vehiculaetrutrum.net
Nerea,Mcdowell,consectetuer@ultricesVivamus.ca
